{
  "FC": {
    "release_pos_x": -0.7649999999999999,
    "release_pos_y": 54.510000000000005,
    "release_pos_z": 6.135,
    "vx0": 3.9391001416551394,
    "vy0": -139.75878976140194,
    "vz0": -5.620704167407677,
    "ax": -0.48028657320222157,
    "ay": 34.97737411782174,
    "az": -12.388698403161104,
    "release_spin_rate": 2641.5,
    "spin_axis": 200.5
  },
  "FF": {
    "release_pos_x": -0.9473648648648649,
    "release_pos_y": 54.26878378378378,
    "release_pos_z": 5.941283783783783,
    "vx0": 4.073682300020399,
    "vy0": -137.53069731841646,
    "vz0": -5.795257504161373,
    "ax": -6.870804674389219,
    "ay": 32.11020938551983,
    "az": -10.70628164902962,
    "release_spin_rate": 2492.4527027027025,
    "spin_axis": 204.4391891891892
  },
  "FS": {
    "release_pos_x": -1.4246153846153846,
    "release_pos_y": 54.08102564102564,
    "release_pos_z": 5.468205128205128,
    "vx0": 4.164361488870453,
    "vy0": -120.65139057852578,
    "vz0": -1.5959007809485324,
    "ax": -8.898694469280704,
    "ay": 24.36953013265963,
    "az": -29.540508132240145,
    "release_spin_rate": 1043.6153846153845,
    "spin_axis": 230.92307692307693
  },
  "KC": {
    "release_pos_x": -1.1203030303030304,
    "release_pos_y": 54.156969696969696,
    "release_pos_z": 5.762424242424243,
    "vx0": 3.390229667910993,
    "vy0": -120.82282196984589,
    "vz0": -0.8116549621251612,
    "ax": 2.2666185377982915,
    "ay": 24.706789805868198,
    "az": -41.82440456088917,
    "release_spin_rate": 2328.969696969697,
    "spin_axis": 29.272727272727273
  },
  "SI": {
    "release_pos_x": -1.1586666666666667,
    "release_pos_y": 54.22314285714286,
    "release_pos_z": 5.751428571428571,
    "vx0": 6.105140490094076,
    "vy0": -137.09934543904302,
    "vz0": -5.941706811797591,
    "ax": -16.74111542760878,
    "ay": 30.965699193126255,
    "az": -16.917903322131398,
    "release_spin_rate": 2479.9333333333334,
    "spin_axis": 211.24761904761905
  },
  "SL": {
    "release_pos_x": -1.2347619047619047,
    "release_pos_y": 54.211190476190474,
    "release_pos_z": 5.712142857142857,
    "vx0": 3.0685290692419835,
    "vy0": -123.27743393231913,
    "vz0": -0.7227300438263243,
    "ax": 1.9325063336807282,
    "ay": 23.454092201209516,
    "az": -31.88868733315305,
    "release_spin_rate": 2529.9285714285716,
    "spin_axis": 94.9047619047619
  },
  "ST": {
    "release_pos_x": -1.3284615384615386,
    "release_pos_y": 54.20846153846154,
    "release_pos_z": 5.694615384615385,
    "vx0": 3.1517451668352594,
    "vy0": -120.84201105913885,
    "vz0": -0.9163295865622214,
    "ax": 12.354643426746394,
    "ay": 25.16078562046876,
    "az": -38.22804594928929,
    "release_spin_rate": 2359.2820512820513,
    "spin_axis": 33.82051282051282
  }
}