{
  "CH": {
    "vx0": -3.5903320013874813,
    "vy0": -130.09268521381173,
    "vz0": -4.141201281818091,
    "ax": 14.142247633273756,
    "ay": 29.677713919681146,
    "az": -31.238718100986652,
    "release_pos_x": 0.7225882352941176,
    "release_pos_y": 54.55735294117647,
    "release_pos_z": 5.919529411764707,
    "release_spin_rate": 1684.5588235294117,
    "spin_axis": 125.41764705882353
  },
  "CU": {
    "vx0": -0.1502914886602394,
    "vy0": -115.2703505852621,
    "vz0": -0.36106575317175166,
    "ax": -9.709318776336552,
    "ay": 25.331763973563678,
    "az": -43.236396153744586,
    "release_pos_x": 0.7649050632911393,
    "release_pos_y": 54.635284810126585,
    "release_pos_z": 5.9473734177215185,
    "release_spin_rate": 2946.9556962025317,
    "spin_axis": 317.71835443037975
  },
  "FF": {
    "vx0": -3.4460838671172573,
    "vy0": -136.18766600339802,
    "vz0": -3.521064456525793,
    "ax": 9.222571245746048,
    "ay": 30.960716954184186,
    "az": -20.422330562459837,
    "release_pos_x": 0.557,
    "release_pos_y": 54.609,
    "release_pos_z": 6.005,
    "release_spin_rate": 2243.7,
    "spin_axis": 142.2
  },
  "SI": {
    "vx0": -4.238670818409411,
    "vy0": -136.58116183226792,
    "vz0": -5.0132922837803955,
    "ax": 17.532614414584792,
    "ay": 33.292795871187735,
    "az": -24.597226311505466,
    "release_pos_x": 0.6242798353909464,
    "release_pos_y": 54.58106995884774,
    "release_pos_z": 6.0290740740740745,
    "release_spin_rate": 2194.837448559671,
    "spin_axis": 138.50205761316872
  },
  "SL": {
    "vx0": -1.405999503305578,
    "vy0": -122.68910565693245,
    "vz0": -2.8100713029387636,
    "ax": -3.1071074124965095,
    "ay": 23.802417267073725,
    "az": -34.1542047369127,
    "release_pos_x": 0.7710526315789474,
    "release_pos_y": 54.58157894736842,
    "release_pos_z": 5.866842105263157,
    "release_spin_rate": 2549.2105263157896,
    "spin_axis": 271.10526315789474
  }
}
