{
  "CH": {
    "vx0": 7.621826391842148,
    "vy0": -127.55921908759599,
    "vz0": -4.202411246416864,
    "ax": -17.966880005970634,
    "ay": 27.319730679105753,
    "az": -27.132881490001285,
    "release_pos_x": -2.4981176470588236,
    "release_pos_y": 53.98705882352941,
    "release_pos_z": 5.560352941176472,
    "release_spin_rate": 1869.764705882353,
    "spin_axis": 267.6470588235294,
    "color": "#008000"
  },
  "CU": {
    "vx0": 5.188571432386631,
    "vy0": -121.14799947788207,
    "vz0": -1.8615853890551617,
    "ax": 4.376458377707834,
    "ay": 23.208074374020796,
    "az": -34.141087571871374,
    "release_pos_x": -2.544629629629629,
    "release_pos_y": 54.08148148148149,
    "release_pos_z": 5.6227777777777765,
    "release_spin_rate": 2464.1481481481483,
    "spin_axis": 83.31481481481481,
    "color": "#800080"
  },
  "FF": {
    "vx0": 9.170511155886835,
    "vy0": -142.47288166126094,
    "vz0": -4.423980546592569,
    "ax": -19.249556327364516,
    "ay": 33.44025246152834,
    "az": -18.390845110752444,
    "release_pos_x": -2.313702770780856,
    "release_pos_y": 53.87125944584383,
    "release_pos_z": 5.575214105793451,
    "release_spin_rate": 2252.5214105793452,
    "spin_axis": 240.23425692695213,
    "color": "#FF0000"
  },
  "FS": {
    "vx0": 7.698694086832221,
    "vy0": -136.1402195818491,
    "vz0": -3.8075257628375105,
    "ax": -16.253367146614796,
    "ay": 29.82888480620433,
    "az": -31.383232200676606,
    "release_pos_x": -2.372459677419355,
    "release_pos_y": 53.95822580645161,
    "release_pos_z": 5.5428629032258065,
    "release_spin_rate": 1723.8104838709678,
    "spin_axis": 251.7701612903226,
    "color": "#00CED1"
  },
  "SI": {
    "vx0": 7.811274058681079,
    "vy0": -141.28473164423352,
    "vz0": -5.043192672006015,
    "ax": -22.042157501485562,
    "ay": 32.7281573514154,
    "az": -24.822468537393984,
    "release_pos_x": -2.2957142857142854,
    "release_pos_y": 53.953428571428574,
    "release_pos_z": 5.564428571428572,
    "release_spin_rate": 2296.042857142857,
    "spin_axis": 241.97142857142856,
    "color": "#FFA500"
  },
  "SL": {
    "vx0": 5.680222139151779,
    "vy0": -123.3408814971909,
    "vz0": -2.379509950479331,
    "ax": 1.76513118111489,
    "ay": 25.62531045030339,
    "az": -25.203177354192363,
    "release_pos_x": -2.407123287671233,
    "release_pos_y": 53.983698630136985,
    "release_pos_z": 5.475890410958904,
    "release_spin_rate": 2321.3835616438355,
    "spin_axis": 100.57534246575342,
    "color": "#0000FF"
  },
  "ST": {
    "vx0": 4.336389857324375,
    "vy0": -122.55139541037984,
    "vz0": -2.34660731946718,
    "ax": 8.7068220129045,
    "ay": 25.68880131872161,
    "az": -26.80927008955431,
    "release_pos_x": -2.385125,
    "release_pos_y": 53.9548125,
    "release_pos_z": 5.48325,
    "release_spin_rate": 2341.40625,
    "spin_axis": 93.40625,
    "color": "#008080"
  }
}