{
  "CH": {
    "release_pos_x": -1.885,
    "release_pos_y": 54.0683333333,
    "release_pos_z": 5.782037037,
    "vx0": 7.1076092357,
    "vy0": -125.1710570437,
    "vz0": -4.0796074561,
    "ax": -14.3123079501,
    "ay": 26.282773326,
    "az": -26.1734679797,
    "release_spin_rate": 1651.8518518519,
    "spin_axis": 245.8888888889
  },
  "FC": {
    "release_pos_x": -2.0064454976,
    "release_pos_y": 54.1862085308,
    "release_pos_z": 5.9485308057,
    "vx0": 6.9574852992,
    "vy0": -135.0876446297,
    "vz0": -4.2418133353,
    "ax": -1.0007274299,
    "ay": 30.1688254276,
    "az": -22.832278678,
    "release_spin_rate": 2289.5497630332,
    "spin_axis": 195.8199052133
  },
  "FF": {
    "release_pos_x": -1.8295379538,
    "release_pos_y": 54.3035643564,
    "release_pos_z": 6.1125412541,
    "vx0": 6.5577603863,
    "vy0": -139.4818119899,
    "vz0": -5.8731384555,
    "ax": -9.1788796123,
    "ay": 33.3779578954,
    "az": -13.2172581593,
    "release_spin_rate": 2242.7293729373,
    "spin_axis": 212.2904290429
  },
  "SI": {
    "release_pos_x": -1.8797058824,
    "release_pos_y": 54.2155882353,
    "release_pos_z": 5.9878308824,
    "vx0": 6.950966331,
    "vy0": -138.9101561611,
    "vz0": -5.1696112545,
    "ax": -16.7529587552,
    "ay": 32.3182861496,
    "az": -18.0664905144,
    "release_spin_rate": 2102.9154411765,
    "spin_axis": 215.1875
  },
  "SL": {
    "release_pos_x": -2.1243396226,
    "release_pos_y": 54.1943396226,
    "release_pos_z": 5.8313207547,
    "vx0": 5.7363134403,
    "vy0": -126.6105354339,
    "vz0": -3.7426491865,
    "ax": 4.7068035765,
    "ay": 26.8998910144,
    "az": -27.7289404332,
    "release_spin_rate": 2438.6981132075,
    "spin_axis": 104.9622641509
  },
  "ST": {
    "release_pos_x": -2.2205223881,
    "release_pos_y": 54.2137686567,
    "release_pos_z": 5.7954104478,
    "vx0": 3.9983067296,
    "vy0": -124.0290901352,
    "vz0": -2.6985272939,
    "ax": 11.8358878178,
    "ay": 26.6974528248,
    "az": -29.1253299915,
    "release_spin_rate": 2518.7910447761,
    "spin_axis": 76.9104477612
  }
}
