{
  "CH": {
    "release_pos_x": -2.2655000000000003,
    "release_pos_y": 55.081583333333334,
    "release_pos_z": 4.868833333333333,
    "vx0": 7.719557656471257,
    "vy0": -127.09280968310324,
    "vz0": -1.4590364075208284,
    "ax": -18.412817669362088,
    "ay": 27.073775734247533,
    "az": -32.35747575942717,
    "release_spin_rate": 1969.625,
    "spin_axis": 260.7083333333333
  },
  "FF": {
    "release_pos_x": -2.1224791666666665,
    "release_pos_y": 55.097187500000004,
    "release_pos_z": 5.186875,
    "vx0": 8.088161195292722,
    "vy0": -137.9952878636177,
    "vz0": -2.296005571800981,
    "ax": -15.973988979120582,
    "ay": 32.79774503336529,
    "az": -18.014045366286357,
    "release_spin_rate": 2208.397916666667,
    "spin_axis": 238.45416666666668
  },
  "SI": {
    "release_pos_x": -2.17579185520362,
    "release_pos_y": 55.090723981900446,
    "release_pos_z": 5.0717647058823525,
    "vx0": 8.341792085261735,
    "vy0": -137.85065995503433,
    "vz0": -2.4604327348750408,
    "ax": -22.394111202310164,
    "ay": 31.647656241740954,
    "az": -27.096591715660757,
    "release_spin_rate": 2047.7058823529412,
    "spin_axis": 241.2443438914027
  },
  "SL": {
    "release_pos_x": -2.231283185840708,
    "release_pos_y": 55.09110619469027,
    "release_pos_z": 4.995973451327433,
    "vx0": 6.372003208469355,
    "vy0": -123.1067110928654,
    "vz0": -1.1245655786196183,
    "ax": -0.8668566268090782,
    "ay": 23.52281541601802,
    "az": -32.51131889958136,
    "release_spin_rate": 2245.508849557522,
    "spin_axis": 124.7566371681416
  }
}