{
  "CH": {
    "release_pos_x": 3.663125,
    "release_pos_y": 53.56875,
    "release_pos_z": 5.273125,
    "vx0": -9.4937316513,
    "vy0": -120.5069952059,
    "vz0": -1.321553472,
    "ax": 17.1057656401,
    "ay": 26.2766809738,
    "az": -27.2179285739,
    "release_spin_rate": 2132.75,
    "spin_axis": 108.125
  },
  "FC": {
    "release_pos_x": 3.7751785714,
    "release_pos_y": 53.54375,
    "release_pos_z": 5.3391071429,
    "vx0": -9.554765654,
    "vy0": -127.9558040358,
    "vz0": -1.5309839055,
    "ax": 3.9430340219,
    "ay": 27.305580005,
    "az": -21.5418310674,
    "release_spin_rate": 2193.3571428571,
    "spin_axis": 141.4464285714
  },
  "FF": {
    "release_pos_x": 3.663006993,
    "release_pos_y": 53.4866433566,
    "release_pos_z": 5.3084615385,
    "vx0": -10.2295491257,
    "vy0": -131.3983272214,
    "vz0": -1.270618593,
    "ax": 16.3724407633,
    "ay": 30.078627996,
    "az": -21.5832411266,
    "release_spin_rate": 2114.0979020979,
    "spin_axis": 121.8741258741
  },
  "SL": {
    "release_pos_x": 3.7717582418,
    "release_pos_y": 53.737032967,
    "release_pos_z": 5.2414285714,
    "vx0": -7.1826929956,
    "vy0": -114.694185634,
    "vz0": -0.4045265106,
    "ax": -4.2914924672,
    "ay": 22.3301682103,
    "az": -31.8528815591,
    "release_spin_rate": 2338.2527472527,
    "spin_axis": 275.7802197802
  }
}